acanthaesthesia,acanthæsthesia
Achaean,Achæan
Achaemenid,Achæmenid
adhesive,adhæsive
Aeaea,Ææa
aeciospore,æciospore
aecidium,æcidium
aecium,æcium
aedicule,ædicule
Aegis,Ægis
Aegyptus,Ægyptus
emulate,æmulate
enigma,ænigma
Aenon,Ænon
Aeolian,Æolian
Aeolis,Æolis
aeon,æon
equal,æqual
aera,æra
aerugite,ærugite
aerugo,ærugo
aeschynite,æschynite
aesculin,æsculin
aesculetin,æsculetin
Aespa,æspa
aesthetic,æsthetic
estimation,æstimation
aestival,æstival
aestivation,æstivation
eternity,æternity
Aether,Æther
aethereal,æthereal
Aethrioscope,Æthrioscope
aetiology,ætiology
algae,algæ
Alphaeus,Alphæus
ambilevous,ambilævous
anaemia,anæmia
anaesthesia,anæsthesia
anapaest,anapæst
antennae,antennæ
archaeology,archæology
archaebacteria,archæbacteria
Athenaeum,Athenæum
azotaemia,azotæmia
bacteraemia,bacteræmia
Caedmon,Cædmon
caesium,cæsium
Chaldaea,Chaldæa
chaetophorous,chætophorous
chimaera,chimæra
coaeval,coæval
curriculum vitae,curriculum vitæ
cyclopaedia,cyclopædia
daedal,dædal
daemon,dæmon
diaeresis,diæresis
Egypt,Ægypt
encyclopaedia,encyclopædia
enigma,ænigma
Epaenetus,Epænetus
equal,æqual
equate,æquate
equasion,æquasion
equator,æquator
equilateral,æquilateral
equinox,æquinox
equity,æquity
equivalent,æquivalent
era,æra
et cetera,et cætera
esteem,æsteem
estimation,æstimation
eternal,æternal
Ethiopia,Æthiopia
Eudaemonic,eudæmonic
faeces,fæces
fairy,færie
formulae,formulæ
fraenum,frænum
Gaea,Gæa
Graeco-Roman,Græco-Roman
haemoglobin,hæmoglobin
haemolysis,hæmolysis
haemophilia,hæmophilia
haemorrhage,hæmorrhage
haemorrhoid,hæmorrhoid
hyaena,hyæna
Hymenaeus,Hymenæus
hypaethral,hypæthral
hyperbolae,hyperbolæ
hypnopedia,hypnopædia
Idumaea,Idumæa
Irenaeus,Irenæus
ischaemia,ischæmia
Ituraea,Ituræa
Judaeo-,Judæo-
judaeophobe,judæophobe
larvae,larvæ
leukaemia,leukæmia
medieval,mediæval
nebulae,nebulæ
nymphae,nymphæ
nymphaea,nymphæa
orthopaedic,orthopædic
paean,pæan
paeon,pæon
pedagogue,pædagogue or pædagog
pederasty,pæderasty
paediatrics,pædiatrics
paediatrician,pædiatrician
paediatrist,pædiatrist
paedophile,pædophile
palaeobotany,palæobotany
palaeocene,palæocene
palaeoclimatology,palæoclimatology
palaeography,palæography
palaeolithic,palæolithic
palaeography,palæography
palaeontology,palæontology
palaeozoic,palæozoic
Panacaea,Panacæa
pandemonium,pandæmonium
Pangaea,Pangæa
parabolae,parabolæ
personae,personæ
Plantae,Plantæ
premium,præmium
pretorium,prætorium
Primeval,primæval
Quaestor,Quæstor
Rhaetia,Rhætia
septicaemia,septicæmia
scarabaeid,scarabæid
scarabaeoid,scarabæoid
subpoenae,subpœnæ
supernovae,supernovæ
synaeresis,synæresis
synaesthesia,synæsthesia
Thaddaeus,Thaddæus
toxaemia,toxæmia
uraemia,uræmia
vertebrae,vertebræ
viraemia,viræmia
Zacchaeus,Zacchæus
zoogloeae,zoöglœæ
